Time,Machine name,Batch,LT left temp,LT right temp,LT dwell,LT UPH,RT left temp,RT right temp,RT dwell,RT UPH
09:57:29.562,T7X0,N/A,N/A,N/A,N/A,N/A,N/A,N/A,200,N/A
09:57:59.714,T7X0,N/A,025.8,023.1,N/A,N/A,017.1,019.6,200,N/A
09:58:29.780,T7X0,N/A,143.3,143.3,N/A,N/A,112.7,128.3,200,N/A
09:59:00.000,T7X0,N/A,162.1,154.1,N/A,N/A,165.9,159.2,200,N/A
09:59:30.320,T7X0,N/A,159.6,164.7,N/A,N/A,159.4,162.1,200,N/A
10:00:00.737,T7X0,N/A,161.6,165.9,N/A,N/A,158.9,159.0,200,N/A
10:00:30.996,T7X0,N/A,160.1,164.8,N/A,N/A,161.1,161.5,200,N/A
10:01:01.260,T7X0,N/A,161.1,161.1,N/A,N/A,159.8,159.3,200,N/A
10:01:31.519,T7X0,N/A,159.4,159.6,N/A,N/A,161.4,159.6,200,N/A
10:02:01.784,T7X0,N/A,161.5,163.0,N/A,N/A,159.8,161.9,200,N/A
10:02:32.061,T7X0,N/A,160.0,161.6,N/A,N/A,160.8,159.6,200,N/A
10:03:02.219,T7X0,N/A,159.7,160.5,N/A,N/A,159.5,160.7,200,N/A
10:03:32.439,T7X0,N/A,160.3,162.3,N/A,N/A,160.8,159.8,200,N/A
10:04:02.661,T7X0,N/A,160.3,161.6,N/A,N/A,159.6,161.0,200,N/A
10:04:33.113,T7X0,N/A,160.3,158.9,N/A,N/A,161.2,161.2,200,N/A
10:05:03.386,T7X0,N/A,160.9,162.2,N/A,N/A,160.2,159.9,200,N/A
10:05:33.634,T7X0,N/A,160.8,163.2,N/A,N/A,161.3,161.7,200,N/A
10:06:03.897,T7X0,N/A,159.5,161.0,N/A,N/A,160.2,160.0,200,N/A
10:06:34.152,T7X0,N/A,161.6,160.0,N/A,N/A,161.4,159.5,200,N/A
10:07:04.434,T7X0,N/A,160.3,162.5,N/A,N/A,161.2,161.1,200,N/A
10:07:34.687,T7X0,N/A,159.2,159.9,N/A,N/A,159.6,159.6,200,N/A
10:08:04.962,T7X0,N/A,160.6,163.2,N/A,N/A,161.0,161.1,200,N/A
10:08:35.157,T7X0,N/A,160.6,160.9,N/A,N/A,160.0,160.8,200,N/A
10:09:05.477,T7X0,N/A,160.5,159.8,N/A,N/A,161.2,159.8,200,N/A
10:09:35.756,T7X0,N/A,160.5,161.2,N/A,N/A,159.6,160.4,200,N/A
10:10:06.014,T7X0,N/A,160.5,159.6,N/A,N/A,160.8,160.4,200,N/A
10:10:36.267,T7X0,N/A,161.1,161.5,N/A,N/A,160.6,160.4,200,N/A
10:11:06.540,T7X0,N/A,161.1,159.2,N/A,N/A,161.1,160.4,200,N/A
10:11:36.799,T7X0,N/A,159.7,160.6,N/A,N/A,161.3,160.3,200,N/A
10:12:07.076,T7X0,N/A,160.9,159.2,N/A,N/A,159.9,160.3,200,N/A
10:12:37.338,T7X0,N/A,159.9,161.8,N/A,N/A,159.6,160.3,200,N/A
10:13:07.594,T7X0,N/A,159.6,159.9,N/A,N/A,161.0,160.3,200,N/A
10:13:37.894,T7X0,N/A,160.7,159.5,N/A,N/A,159.9,160.3,200,N/A
10:14:08.144,T7X0,N/A,160.7,162.1,N/A,N/A,160.8,159.9,200,N/A
10:14:38.397,T7X0,N/A,159.8,159.4,N/A,N/A,159.7,159.9,200,N/A
10:15:08.646,T7X0,N/A,161.0,162.5,N/A,N/A,160.7,159.7,200,N/A
10:15:38.905,T7X0,N/A,159.6,161.0,N/A,N/A,160.6,161.2,200,N/A
10:16:09.172,T7X0,N/A,159.6,159.4,N/A,N/A,159.7,159.6,200,N/A
10:16:39.429,T7X0,N/A,159.8,161.4,N/A,N/A,160.9,159.9,200,N/A
10:17:09.701,T7X0,N/A,159.9,160.2,N/A,N/A,160.5,161.5,200,N/A
10:17:39.964,T7X0,N/A,161.2,162.3,N/A,N/A,160.5,160.2,200,N/A
10:18:10.251,T7X0,N/A,160.0,159.8,N/A,N/A,159.9,159.8,200,N/A
10:18:40.517,T7X0,N/A,160.0,162.4,N/A,N/A,160.9,160.9,200,N/A
10:19:10.786,T7X0,N/A,160.0,160.9,N/A,N/A,159.5,159.7,200,N/A
10:19:41.057,T7X0,N/A,160.0,161.0,N/A,N/A,160.9,161.3,200,N/A
10:20:11.294,T7X0,N/A,160.0,162.5,N/A,N/A,159.8,161.0,200,N/A
10:20:41.584,T7X0,N/A,161.2,161.5,N/A,N/A,160.9,159.9,200,N/A
10:21:11.774,T7X0,N/A,160.9,160.8,N/A,N/A,159.9,159.6,200,N/A
10:21:42.106,T7X0,N/A,159.8,162.8,N/A,N/A,160.9,160.8,200,N/A
10:22:12.356,T7X0,N/A,160.9,160.5,N/A,N/A,159.4,159.7,200,N/A
10:22:42.615,T7X0,N/A,160.9,160.4,N/A,N/A,161.1,161.0,200,N/A
10:23:12.871,T7X0,N/A,161.2,160.4,N/A,N/A,160.1,159.9,200,N/A
10:23:42.893,T7X0,N/A,159.7,160.4,N/A,N/A,160.1,160.0,200,N/A
10:24:13.379,T7X0,N/A,160.0,159.5,N/A,N/A,160.0,160.0,200,N/A
10:24:43.659,T7X0,N/A,160.0,161.3,N/A,N/A,161.0,160.1,200,N/A
10:25:13.907,T7X0,N/A,160.0,159.4,N/A,N/A,159.6,160.2,200,N/A
10:25:44.187,T7X0,N/A,160.0,161.7,N/A,N/A,161.1,160.0,200,N/A
10:26:14.272,T7X0,N/A,160.0,159.7,N/A,N/A,159.6,160.2,200,N/A
10:26:44.726,T7X0,N/A,160.0,160.2,N/A,N/A,161.0,160.1,200,N/A
10:27:14.732,T7X0,N/A,160.0,161.0,N/A,N/A,161.0,159.8,200,N/A
10:27:45.294,T7X0,N/A,159.9,159.8,N/A,N/A,159.6,160.1,200,N/A
10:28:15.541,T7X0,N/A,159.8,161.1,N/A,N/A,159.6,160.1,200,N/A
10:28:45.791,T7X0,N/A,161.0,159.6,N/A,N/A,160.9,161.6,200,N/A
10:29:16.056,T7X0,N/A,159.8,161.1,N/A,N/A,159.8,160.4,200,N/A
10:29:46.335,T7X0,N/A,160.0,161.6,N/A,N/A,161.0,160.4,200,N/A
10:30:16.619,T7X0,N/A,161.0,159.4,N/A,N/A,159.7,160.2,200,N/A
10:30:46.882,T7X0,N/A,159.8,161.8,N/A,N/A,161.2,160.2,200,N/A
10:31:17.147,T7X0,N/A,160.9,160.9,N/A,N/A,160.8,160.2,200,N/A
10:31:47.419,T7X0,N/A,160.0,160.5,N/A,N/A,160.9,160.9,200,N/A
10:32:17.668,T7X0,N/A,160.0,160.9,N/A,N/A,159.8,160.9,200,N/A
10:32:47.929,T7X0,N/A,159.9,161.7,N/A,N/A,160.0,159.7,200,N/A
10:33:18.177,T7X0,N/A,159.9,159.8,N/A,N/A,160.0,160.8,200,N/A
10:33:48.457,T7X0,N/A,160.8,162.5,N/A,N/A,161.1,161.1,200,N/A
10:34:18.706,T7X0,N/A,159.6,161.0,N/A,N/A,159.9,159.8,200,N/A
10:34:48.834,T7X0,N/A,160.5,159.2,N/A,N/A,160.9,159.8,200,N/A
10:35:19.226,T7X0,N/A,159.5,161.9,N/A,N/A,159.6,159.8,200,N/A
10:35:49.490,T7X0,N/A,161.3,159.8,N/A,N/A,160.8,159.8,200,N/A
10:36:19.563,T7X0,N/A,160.9,161.4,N/A,N/A,159.6,160.9,200,N/A
10:36:50.011,T7X0,N/A,160.2,160.3,N/A,N/A,160.8,161.1,200,N/A
10:37:20.269,T7X0,N/A,160.2,160.3,N/A,N/A,159.7,160.0,200,N/A
10:37:50.540,T7X0,N/A,160.2,162.5,N/A,N/A,161.1,160.0,200,N/A
10:38:20.669,T7X0,N/A,159.9,160.6,N/A,N/A,159.5,161.6,200,N/A
10:38:51.071,T7X0,N/A,161.1,159.4,N/A,N/A,160.8,159.9,200,N/A
10:39:21.326,T7X0,N/A,161.4,161.0,N/A,N/A,159.7,161.3,200,N/A
10:39:51.570,T7X0,N/A,159.7,159.5,N/A,N/A,160.9,160.1,200,N/A
10:40:21.788,T7X0,N/A,160.9,161.1,N/A,N/A,160.0,160.1,200,N/A
10:40:52.109,T7X0,N/A,160.8,161.0,N/A,N/A,160.0,160.1,200,N/A
10:41:22.367,T7X0,N/A,160.8,159.6,N/A,N/A,160.1,161.1,200,N/A
10:41:52.630,T7X0,N/A,160.6,161.2,N/A,N/A,160.1,160.0,200,N/A
10:42:22.688,T7X0,N/A,160.9,160.0,N/A,N/A,161.2,160.1,200,N/A
10:42:53.166,T7X0,N/A,160.7,160.9,N/A,N/A,159.5,160.3,200,N/A
10:43:23.419,T7X0,N/A,161.4,162.4,N/A,N/A,160.6,160.5,200,N/A
10:43:53.712,T7X0,N/A,161.1,159.6,N/A,N/A,159.9,160.5,200,N/A
10:44:23.975,T7X0,N/A,160.7,161.6,N/A,N/A,160.1,160.5,200,N/A
10:44:54.127,T7X0,N/A,159.8,159.2,N/A,N/A,159.7,160.5,200,N/A
10:45:24.484,T7X0,N/A,160.7,161.5,N/A,N/A,159.7,160.6,200,N/A
10:45:54.748,T7X0,N/A,159.8,159.8,N/A,N/A,161.1,159.3,200,N/A
10:46:24.947,T7X0,N/A,159.9,160.7,N/A,N/A,159.9,160.6,200,N/A
10:46:55.227,T7X0,N/A,161.3,162.0,N/A,N/A,160.8,160.6,200,N/A
10:47:25.565,T7X0,N/A,160.2,160.1,N/A,N/A,159.4,160.6,200,N/A
10:47:55.821,T7X0,N/A,160.2,161.5,N/A,N/A,161.0,160.6,200,N/A
10:48:26.096,T7X0,N/A,159.8,159.8,N/A,N/A,161.0,159.5,200,N/A
10:48:56.366,T7X0,N/A,159.9,160.0,N/A,N/A,160.8,160.6,200,N/A
10:49:26.656,T7X0,N/A,159.8,160.3,N/A,N/A,159.4,159.8,200,N/A
10:49:56.926,T7X0,N/A,160.9,159.8,N/A,N/A,161.3,159.8,200,N/A
10:50:26.966,T7X0,N/A,161.2,159.9,N/A,N/A,159.9,161.0,200,N/A
10:50:57.494,T7X0,N/A,160.1,159.2,N/A,N/A,159.8,159.8,200,N/A
10:51:27.773,T7X0,N/A,161.4,163.6,N/A,N/A,160.8,160.0,200,N/A
10:51:58.052,T7X0,N/A,159.5,162.1,N/A,N/A,160.9,160.0,200,N/A
10:52:28.308,T7X0,N/A,159.8,159.3,N/A,N/A,159.6,159.9,200,N/A
10:52:58.562,T7X0,N/A,161.1,160.9,N/A,N/A,160.9,159.9,200,N/A
10:53:28.837,T7X0,N/A,159.4,159.6,N/A,N/A,159.8,159.6,200,N/A
10:53:59.093,T7X0,N/A,159.9,161.2,N/A,N/A,160.9,160.7,200,N/A
10:54:29.348,T7X0,N/A,161.3,161.6,N/A,N/A,159.5,160.6,200,N/A
10:54:59.617,T7X0,N/A,161.2,160.2,N/A,N/A,160.9,159.5,200,N/A
10:55:29.879,T7X0,N/A,159.8,160.2,N/A,N/A,159.8,161.4,200,N/A
10:56:00.154,T7X0,N/A,160.1,162.4,N/A,N/A,160.8,160.1,200,N/A
10:56:30.414,T7X0,N/A,160.1,160.1,N/A,N/A,159.6,161.4,200,N/A
10:57:00.669,T7X0,N/A,160.1,159.9,N/A,N/A,161.1,159.9,200,N/A
10:57:30.764,T7X0,N/A,160.0,161.8,N/A,N/A,159.6,160.1,200,N/A
10:58:01.204,T7X0,N/A,160.9,160.2,N/A,N/A,161.0,161.3,200,N/A
10:58:31.479,T7X0,N/A,161.1,161.1,N/A,N/A,160.0,160.9,200,N/A
10:59:01.741,T7X0,N/A,159.6,159.8,N/A,N/A,161.0,161.1,200,N/A
10:59:32.014,T7X0,N/A,161.0,160.0,N/A,N/A,160.0,161.1,200,N/A
11:00:02.262,T7X0,N/A,161.0,161.2,N/A,N/A,161.1,159.9,200,N/A
11:00:32.547,T7X0,N/A,159.7,160.7,N/A,N/A,159.9,161.2,200,N/A
11:01:02.823,T7X0,N/A,159.8,161.2,N/A,N/A,160.9,160.1,200,N/A
11:01:33.079,T7X0,N/A,159.6,162.2,N/A,N/A,159.6,161.2,200,N/A
11:02:03.321,T7X0,N/A,160.8,159.1,N/A,N/A,160.8,159.9,200,N/A
11:02:33.602,T7X0,N/A,159.6,161.3,N/A,N/A,159.5,159.9,200,N/A
11:03:03.858,T7X0,N/A,160.7,162.6,N/A,N/A,160.6,161.3,200,N/A
11:03:34.120,T7X0,N/A,160.9,160.0,N/A,N/A,159.6,160.1,200,N/A
11:04:04.405,T7X0,N/A,159.7,161.5,N/A,N/A,160.9,160.1,200,N/A
11:04:34.704,T7X0,N/A,160.7,161.5,N/A,N/A,159.7,160.1,200,N/A
11:05:04.955,T7X0,N/A,161.0,159.1,N/A,N/A,161.1,160.1,200,N/A
11:05:35.261,T7X0,N/A,160.7,161.6,N/A,N/A,159.7,160.1,200,N/A
11:06:05.529,T7X0,N/A,160.8,160.1,N/A,N/A,161.1,161.5,200,N/A
11:06:35.790,T7X0,N/A,161.0,161.5,N/A,N/A,159.7,160.1,200,N/A
11:07:06.075,T7X0,N/A,159.9,160.8,N/A,N/A,160.9,161.0,200,N/A
11:07:36.351,T7X0,N/A,161.0,160.5,N/A,N/A,159.7,159.9,200,N/A
11:08:06.521,T7X0,N/A,161.2,161.5,N/A,N/A,161.0,161.3,200,N/A
11:08:36.871,T7X0,N/A,159.8,159.0,N/A,N/A,159.7,160.8,200,N/A
11:09:07.138,T7X0,N/A,161.2,161.7,N/A,N/A,160.9,160.6,200,N/A
11:09:37.402,T7X0,N/A,159.8,160.2,N/A,N/A,159.7,161.0,200,N/A
11:10:07.699,T7X0,N/A,160.9,160.7,N/A,N/A,160.8,161.0,200,N/A
11:10:37.946,T7X0,N/A,161.1,162.1,N/A,N/A,160.8,159.7,200,N/A
11:11:08.218,T7X0,N/A,160.9,159.8,N/A,N/A,160.8,160.0,200,N/A
11:11:38.493,T7X0,N/A,160.0,161.9,N/A,N/A,160.8,161.1,200,N/A
11:12:08.768,T7X0,N/A,161.2,159.9,N/A,N/A,159.4,159.5,200,N/A
11:12:39.023,T7X0,N/A,159.8,160.7,N/A,N/A,160.9,160.9,200,N/A
11:13:09.039,T7X0,N/A,159.6,160.5,N/A,N/A,159.5,159.5,200,N/A
11:13:39.574,T7X0,N/A,160.9,159.7,N/A,N/A,160.6,161.1,200,N/A
11:14:09.849,T7X0,N/A,160.7,162.4,N/A,N/A,159.5,159.8,200,N/A
11:14:40.125,T7X0,N/A,160.7,159.6,N/A,N/A,160.9,159.8,200,N/A
11:15:10.396,T7X0,N/A,159.4,160.8,N/A,N/A,161.1,160.7,200,N/A
11:15:40.666,T7X0,N/A,161.2,161.4,N/A,N/A,159.5,160.7,200,N/A
11:16:10.698,T7X0,N/A,160.0,160.8,N/A,N/A,160.9,159.9,200,N/A
11:16:40.918,T7X0,N/A,160.0,160.9,N/A,N/A,159.6,161.2,200,N/A
11:17:11.218,T7X0,N/A,160.0,159.7,N/A,N/A,160.6,159.8,200,N/A
11:17:41.736,T7X0,N/A,161.4,161.5,N/A,N/A,159.7,159.9,200,N/A
11:18:11.991,T7X0,N/A,160.3,159.7,N/A,N/A,160.9,161.0,200,N/A
11:18:42.257,T7X0,N/A,160.3,161.3,N/A,N/A,159.6,159.9,200,N/A
11:19:12.477,T7X0,N/A,160.4,161.5,N/A,N/A,160.9,159.7,200,N/A
11:19:42.818,T7X0,N/A,160.4,160.0,N/A,N/A,159.9,161.0,200,N/A
11:20:13.076,T7X0,N/A,160.4,160.5,N/A,N/A,160.8,159.6,200,N/A
11:20:43.325,T7X0,N/A,161.5,162.8,N/A,N/A,160.8,160.9,200,N/A
11:21:13.568,T7X0,N/A,159.8,161.3,N/A,N/A,161.0,159.8,200,N/A
11:21:43.835,T7X0,N/A,159.8,160.0,N/A,N/A,159.8,160.2,200,N/A
11:22:14.093,T7X0,N/A,159.7,161.3,N/A,N/A,160.8,159.9,200,N/A
11:22:44.352,T7X0,N/A,160.9,159.7,N/A,N/A,161.0,159.9,200,N/A
11:23:14.595,T7X0,N/A,159.6,162.7,N/A,N/A,159.8,161.0,200,N/A
11:23:44.871,T7X0,N/A,159.8,160.9,N/A,N/A,161.0,159.4,200,N/A
11:24:15.139,T7X0,N/A,161.1,159.7,N/A,N/A,159.5,160.8,200,N/A
11:24:45.401,T7X0,N/A,159.8,161.2,N/A,N/A,160.9,160.2,200,N/A
11:25:15.656,T7X0,N/A,161.0,159.9,N/A,N/A,159.5,161.0,200,N/A
11:25:45.921,T7X0,N/A,161.0,161.4,N/A,N/A,160.9,159.9,200,N/A
11:26:16.178,T7X0,N/A,160.1,160.2,N/A,N/A,159.6,161.3,200,N/A
11:26:46.440,T7X0,N/A,159.9,160.0,N/A,N/A,160.9,160.1,200,N/A
11:27:16.709,T7X0,N/A,159.9,161.8,N/A,N/A,159.7,161.2,200,N/A
11:27:46.990,T7X0,N/A,156.9,157.2,N/A,N/A,158.2,159.3,200,N/A
11:28:17.275,T7X0,N/A,143.9,143.5,N/A,N/A,148.4,147.8,200,N/A
11:28:47.435,T7X0,N/A,136.2,133.4,N/A,N/A,138.5,127.7,200,N/A
11:29:17.808,T7X0,N/A,129.2,125.7,N/A,N/A,129.2,107.3,200,N/A
11:29:48.065,T7X0,N/A,124.4,120.4,N/A,N/A,121.6,096.3,200,N/A
11:30:18.324,T7X0,N/A,119.5,114.7,N/A,N/A,115.2,086.8,200,N/A
11:30:48.585,T7X0,N/A,128.9,121.4,N/A,N/A,119.2,094.2,200,N/A
11:31:18.594,T7X0,N/A,159.6,165.6,N/A,N/A,160.5,153.1,200,N/A
11:31:48.805,T7X0,N/A,159.5,162.2,N/A,N/A,162.7,160.3,200,N/A
11:32:19.214,T7X0,N/A,160.1,160.5,N/A,N/A,158.8,160.6,200,N/A
11:32:49.594,T7X0,N/A,161.1,161.4,N/A,N/A,161.1,159.2,200,N/A
11:33:19.854,T7X0,N/A,159.6,161.3,N/A,N/A,161.6,162.9,200,N/A
11:33:50.182,T7X0,N/A,161.1,160.5,N/A,N/A,159.7,161.1,200,N/A
11:34:20.435,T7X0,N/A,159.6,160.4,N/A,N/A,160.8,159.7,200,N/A
11:34:50.700,T7X0,N/A,161.1,162.4,N/A,N/A,159.7,160.0,200,N/A
11:35:20.972,T7X0,N/A,160.7,159.5,N/A,N/A,160.5,161.8,200,N/A
11:35:51.241,T7X0,N/A,160.8,161.4,N/A,N/A,159.4,161.2,200,N/A
11:36:21.502,T7X0,N/A,159.9,162.3,N/A,N/A,160.4,162.1,200,N/A
11:36:51.788,T7X0,N/A,161.3,159.5,N/A,N/A,160.4,171.3,200,N/A
11:37:22.056,T7X0,N/A,159.7,161.1,N/A,N/A,160.4,164.7,200,N/A
11:37:52.232,T7X0,N/A,161.5,161.0,N/A,N/A,160.4,161.0,200,N/A
11:38:22.578,T7X0,N/A,160.1,159.4,N/A,N/A,159.2,161.0,200,N/A
11:38:52.833,T7X0,N/A,160.1,161.2,N/A,N/A,162.0,159.8,200,N/A
11:39:23.107,T7X0,N/A,160.1,160.0,N/A,N/A,160.0,159.8,200,N/A
11:39:53.351,T7X0,N/A,160.1,161.2,N/A,N/A,161.2,161.2,200,N/A
11:40:23.607,T7X0,N/A,160.0,160.2,N/A,N/A,160.0,160.0,200,N/A
11:40:53.886,T7X0,N/A,161.4,161.1,N/A,N/A,160.0,161.2,200,N/A
11:41:24.162,T7X0,N/A,159.9,161.6,N/A,N/A,160.0,160.0,200,N/A
11:41:54.421,T7X0,N/A,159.9,160.0,N/A,N/A,160.0,160.0,200,N/A
11:42:24.685,T7X0,N/A,159.8,161.1,N/A,N/A,160.0,161.0,200,N/A
11:42:54.952,T7X0,N/A,159.6,160.3,N/A,N/A,159.8,160.7,200,N/A
11:43:25.040,T7X0,N/A,161.0,160.3,N/A,N/A,159.8,159.7,200,N/A
11:43:55.486,T7X0,N/A,160.0,161.4,N/A,N/A,160.9,160.9,200,N/A
11:44:25.750,T7X0,N/A,160.1,160.1,N/A,N/A,161.1,160.7,200,N/A
11:44:56.020,T7X0,N/A,160.1,161.2,N/A,N/A,160.0,160.0,200,N/A
11:45:26.271,T7X0,N/A,160.1,160.0,N/A,N/A,161.0,161.8,200,N/A
11:45:56.538,T7X0,N/A,159.8,161.0,N/A,N/A,159.5,159.9,200,N/A
11:46:26.793,T7X0,N/A,161.0,160.8,N/A,N/A,159.9,159.8,200,N/A
11:46:57.077,T7X0,N/A,159.6,160.7,N/A,N/A,159.7,159.9,200,N/A
11:47:27.349,T7X0,N/A,159.6,160.8,N/A,N/A,159.7,161.4,200,N/A
11:47:57.431,T7X0,N/A,160.9,160.1,N/A,N/A,160.7,160.1,200,N/A
11:48:27.861,T7X0,N/A,159.8,161.3,N/A,N/A,159.4,160.1,200,N/A
11:48:58.133,T7X0,N/A,160.0,160.3,N/A,N/A,160.9,161.3,200,N/A
11:49:28.411,T7X0,N/A,160.0,159.8,N/A,N/A,159.7,160.1,200,N/A
11:49:58.680,T7X0,N/A,160.0,161.2,N/A,N/A,160.8,160.1,200,N/A
11:50:28.935,T7X0,N/A,160.0,159.5,N/A,N/A,159.3,160.1,200,N/A
11:50:59.194,T7X0,N/A,160.0,162.6,N/A,N/A,161.1,160.1,200,N/A
11:51:29.477,T7X0,N/A,159.6,160.0,N/A,N/A,161.2,160.1,200,N/A
11:51:59.735,T7X0,N/A,159.8,159.4,N/A,N/A,159.6,160.1,200,N/A
11:52:30.004,T7X0,N/A,160.0,161.4,N/A,N/A,160.9,160.0,200,N/A
11:53:00.253,T7X0,N/A,160.0,161.3,N/A,N/A,161.4,160.0,200,N/A
11:53:30.520,T7X0,N/A,160.0,159.7,N/A,N/A,160.0,160.1,200,N/A
11:54:00.774,T7X0,N/A,160.0,161.5,N/A,N/A,161.0,161.2,200,N/A
11:54:31.037,T7X0,N/A,160.0,159.4,N/A,N/A,159.7,159.8,200,N/A
11:55:01.292,T7X0,N/A,160.0,160.9,N/A,N/A,160.6,160.9,200,N/A
11:55:31.572,T7X0,N/A,160.0,161.3,N/A,N/A,159.6,159.7,200,N/A
11:56:01.836,T7X0,N/A,159.7,161.1,N/A,N/A,159.3,159.8,200,N/A
11:56:32.092,T7X0,N/A,160.8,162.9,N/A,N/A,160.9,159.8,200,N/A
11:57:02.106,T7X0,N/A,159.8,159.3,N/A,N/A,160.8,159.8,200,N/A
11:57:32.644,T7X0,N/A,161.0,161.6,N/A,N/A,159.8,159.8,200,N/A
11:58:02.930,T7X0,N/A,161.0,162.4,N/A,N/A,159.7,159.8,200,N/A
11:58:33.223,T7X0,N/A,161.0,160.5,N/A,N/A,161.0,159.6,200,N/A
11:59:03.485,T7X0,test_Utac_tape_1,159.9,160.9,N/A,N/A,159.8,160.8,200,N/A
11:59:33.731,T7X0,test_Utac_tape_1,160.9,161.5,N/A,N/A,159.9,159.8,200,N/A
12:00:03.965,T7X0,test_Utac_tape_1,160.9,161.1,N/A,N/A,161.2,161.1,200,N/A
12:00:34.110,T7X0,test_Utac_tape_1,160.7,161.1,N/A,N/A,159.6,160.8,200,N/A
12:01:04.125,T7X0,test_Utac_tape_1,160.5,159.5,N/A,N/A,161.7,159.7,200,N/A
12:01:34.775,T7X0,N/A,160.8,161.1,N/A,N/A,160.4,160.7,200,N/A
12:02:05.037,T7X0,N/A,159.8,159.5,N/A,N/A,160.4,160.7,200,N/A
12:02:35.038,T7X0,N/A,161.1,161.1,N/A,N/A,160.9,159.4,200,N/A
12:03:05.095,T7X0,N/A,159.9,159.8,N/A,N/A,160.0,160.7,200,N/A
12:03:35.843,T7X0,N/A,159.9,160.9,N/A,N/A,161.1,161.0,200,N/A
12:04:05.964,T7X0,N/A,160.0,161.2,N/A,N/A,160.0,160.1,200,N/A
12:04:36.008,T7X0,N/A,160.1,159.8,N/A,N/A,159.9,160.2,200,N/A
12:05:06.078,T7X0,N/A,160.1,161.0,N/A,N/A,159.9,161.4,200,N/A
12:05:36.155,T7X0,N/A,160.8,159.8,N/A,N/A,159.9,160.3,200,N/A
12:06:06.273,T7X0,N/A,161.2,161.3,N/A,N/A,159.9,160.3,200,N/A
12:06:36.339,T7X0,N/A,161.0,162.6,N/A,N/A,161.0,160.2,200,N/A
12:07:06.656,T7X0,N/A,160.8,159.3,N/A,N/A,159.7,160.2,200,N/A
12:07:36.903,T7X0,N/A,159.4,161.1,N/A,N/A,160.8,160.2,200,N/A
12:08:07.179,T7X0,N/A,160.6,161.8,N/A,N/A,161.1,161.4,200,N/A
12:08:37.448,T7X0,N/A,160.6,160.5,N/A,N/A,161.4,160.1,200,N/A
12:09:07.662,T7X0,N/A,159.6,160.1,N/A,N/A,160.0,161.1,200,N/A
12:09:37.987,T7X0,N/A,160.9,161.5,N/A,N/A,161.1,160.9,200,N/A
12:10:08.244,T7X0,N/A,159.5,160.3,N/A,N/A,159.9,160.6,200,N/A
12:10:38.362,T7X0,N/A,159.8,161.6,N/A,N/A,161.1,161.1,200,N/A
12:11:08.582,T7X0,N/A,161.0,161.0,N/A,N/A,159.5,160.0,200,N/A
12:11:38.618,T7X0,N/A,160.3,159.9,N/A,N/A,160.9,160.0,200,N/A
12:12:08.759,T7X0,N/A,160.3,161.2,N/A,N/A,159.7,160.1,200,N/A
12:12:39.241,T7X0,N/A,160.3,161.1,N/A,N/A,160.0,159.9,200,N/A
12:13:09.483,T7X0,N/A,160.3,162.3,N/A,N/A,160.0,159.9,200,N/A
12:13:40.161,T7X0,N/A,160.3,160.5,N/A,N/A,161.4,160.0,200,N/A
12:14:10.413,T7X0,N/A,160.3,160.5,N/A,N/A,160.3,160.9,200,N/A
12:14:40.676,T7X0,N/A,160.3,160.1,N/A,N/A,160.1,159.7,200,N/A
12:15:10.931,T7X0,N/A,161.4,162.4,N/A,N/A,161.4,160.9,200,N/A
12:15:41.183,T7X0,N/A,160.0,161.8,N/A,N/A,160.2,159.3,200,N/A
12:16:11.320,T7X0,N/A,161.1,160.3,N/A,N/A,159.6,160.7,200,N/A
12:16:41.560,T7X0,N/A,160.7,161.4,N/A,N/A,161.1,159.6,200,N/A
12:17:12.002,T7X0,N/A,160.7,160.1,N/A,N/A,160.0,159.8,200,N/A
12:17:42.277,T7X0,N/A,160.9,161.8,N/A,N/A,161.1,161.0,200,N/A
12:18:12.544,T7X0,N/A,159.7,161.8,N/A,N/A,160.9,159.9,200,N/A
12:18:42.818,T7X0,N/A,160.9,160.0,N/A,N/A,160.0,161.0,200,N/A
12:19:13.082,T7X0,N/A,160.8,160.2,N/A,N/A,159.8,159.9,200,N/A
12:19:43.285,T7X0,N/A,161.2,161.5,N/A,N/A,159.8,161.3,200,N/A
12:20:13.595,T7X0,N/A,160.9,160.4,N/A,N/A,159.8,159.8,200,N/A
12:20:43.873,T7X0,N/A,160.8,161.5,N/A,N/A,160.9,161.0,200,N/A
12:21:14.150,T7X0,N/A,160.9,161.2,N/A,N/A,159.6,160.9,200,N/A
12:21:44.401,T7X0,N/A,159.7,159.2,N/A,N/A,160.8,160.6,200,N/A
12:22:14.656,T7X0,N/A,159.9,161.3,N/A,N/A,160.8,159.6,200,N/A
12:22:44.898,T7X0,N/A,161.1,160.1,N/A,N/A,161.0,159.6,200,N/A
12:23:14.969,T7X0,N/A,159.7,159.2,N/A,N/A,159.9,161.0,200,N/A
12:23:44.978,T7X0,N/A,160.7,162.0,N/A,N/A,159.9,161.0,200,N/A
12:24:15.673,T7X0,N/A,160.9,161.1,N/A,N/A,162.1,160.6,200,N/A
12:24:45.757,T7X0,N/A,162.2,160.9,N/A,N/A,161.1,160.4,200,N/A
12:25:16.201,T7X0,N/A,159.9,161.1,N/A,N/A,159.6,159.9,200,N/A
12:25:46.473,T7X0,N/A,160.8,159.5,N/A,N/A,160.8,161.0,200,N/A
12:26:16.668,T7X0,N/A,159.7,160.1,N/A,N/A,159.7,159.9,200,N/A
12:26:46.685,T7X0,N/A,159.6,160.3,N/A,N/A,161.0,159.9,200,N/A
12:27:16.936,T7X0,N/A,159.7,159.4,N/A,N/A,159.6,159.3,200,5.6
12:27:46.947,T7X0,N/A,161.0,161.0,N/A,N/A,160.7,161.6,200,5.6
12:28:17.056,T7X0,N/A,160.9,160.5,N/A,N/A,161.1,159.2,200,5.6
12:28:47.066,T7X0,N/A,159.7,160.8,N/A,N/A,160.8,161.1,200,5.6
12:29:17.127,T7X0,N/A,161.1,161.8,N/A,N/A,160.9,160.6,200,5.6
12:29:47.272,T7X0,N/A,161.4,160.0,N/A,N/A,160.8,159.5,200,5.6
12:30:17.385,T7X0,N/A,159.6,159.6,N/A,N/A,162.0,161.1,200,5.6
12:30:47.504,T7X0,N/A,159.7,160.5,N/A,N/A,159.6,160.8,200,5.6
12:31:18.286,T7X0,N/A,161.1,160.9,N/A,N/A,159.9,161.0,200,2.0
12:31:48.368,T7X0,N/A,160.0,159.4,N/A,N/A,160.2,159.8,200,2.0
12:32:18.403,T7X0,N/A,160.0,161.4,N/A,N/A,162.3,160.8,200,2.0
12:32:48.533,T7X0,N/A,160.0,159.9,N/A,N/A,160.6,159.8,200,2.0
12:33:18.933,T7X0,N/A,161.2,160.0,N/A,N/A,160.9,159.7,200,2.0
12:33:49.629,T7X0,test_Utac_tape_1,160.8,162.9,N/A,N/A,160.7,160.9,200,2.0
12:34:19.734,T7X0,test_Utac_tape_1,159.5,160.0,N/A,N/A,160.8,159.8,200,2.0
12:34:50.147,T7X0,test_Utac_tape_1,161.1,161.1,N/A,N/A,161.1,159.8,200,2.0
12:35:20.399,T7X0,test_Utac_tape_1,159.9,161.0,N/A,N/A,160.0,160.9,200,2.0
12:35:50.678,T7X0,test_Utac_tape_1,159.9,161.2,N/A,N/A,160.0,159.7,200,2.0
12:36:20.973,T7X0,test_Utac_tape_1,159.9,160.4,N/A,N/A,160.0,161.2,200,2.0
12:36:51.234,T7X0,test_Utac_tape_1,159.9,159.9,N/A,N/A,161.1,159.6,200,2.0
12:37:21.504,T7X0,test_Utac_tape_1,159.9,161.2,N/A,N/A,159.8,159.8,200,2.0
12:37:51.755,T7X0,test_Utac_tape_1,160.7,161.1,N/A,N/A,159.8,161.1,200,2.0
12:38:22.018,T7X0,test_Utac_tape_1,160.7,161.1,N/A,N/A,159.8,160.0,200,2.0
12:38:52.273,T7X0,test_Utac_tape_1,160.6,160.6,N/A,N/A,161.2,160.0,200,2.0
12:39:22.550,T7X0,test_Utac_tape_1,160.6,160.1,N/A,N/A,159.7,161.3,200,2.0
12:39:52.820,T7X0,test_Utac_tape_1,160.6,161.3,N/A,N/A,159.7,160.0,200,2.0
12:40:23.082,T7X0,test_Utac_tape_1,160.6,159.6,N/A,N/A,159.5,160.0,200,2.0
12:40:53.348,T7X0,test_Utac_tape_1,160.7,161.4,N/A,N/A,162.0,161.1,200,2.0
12:41:23.641,T7X0,test_Utac_tape_1,161.0,159.9,N/A,N/A,159.6,159.5,200,2.0
12:41:53.895,T7X0,test_Utac_tape_1,159.8,159.3,N/A,N/A,160.9,160.0,200,2.0
12:42:24.189,T7X0,test_Utac_tape_1,161.0,162.2,N/A,N/A,161.2,160.0,200,2.0
12:42:54.453,T7X0,test_Utac_tape_1,161.0,160.2,N/A,N/A,159.8,159.8,200,2.0
12:43:24.715,T7X0,test_Utac_tape_1,159.7,161.5,N/A,N/A,159.5,160.8,200,2.0
12:43:54.957,T7X0,test_Utac_tape_1,160.8,162.3,N/A,N/A,159.8,159.4,200,2.0
12:44:25.246,T7X0,test_Utac_tape_1,159.6,160.2,N/A,N/A,159.4,160.4,200,2.0
12:44:55.511,T7X0,test_Utac_tape_1,161.2,160.8,N/A,N/A,160.5,160.4,200,2.0
12:45:25.769,T7X0,test_Utac_tape_1,160.0,161.6,N/A,N/A,159.3,160.4,200,2.0
12:45:55.950,T7X0,test_Utac_tape_1,160.0,160.4,N/A,N/A,161.0,160.4,200,2.0
12:46:26.273,T7X0,test_Utac_tape_1,159.7,160.3,N/A,N/A,160.0,160.4,200,2.0
12:46:56.548,T7X0,test_Utac_tape_1,160.9,161.7,N/A,N/A,161.2,160.4,200,2.0
12:47:26.815,T7X0,test_Utac_tape_1,159.5,159.8,N/A,N/A,160.1,161.5,200,2.0
12:47:56.830,T7X0,test_Utac_tape_1,159.6,161.1,N/A,N/A,160.6,160.4,200,2.0
12:48:27.069,T7X0,test_Utac_tape_1,160.9,161.0,N/A,N/A,161.1,160.4,200,2.0
12:48:57.604,T7X0,test_Utac_tape_1,159.8,159.7,N/A,N/A,159.9,160.4,200,2.0
12:49:27.876,T7X0,test_Utac_tape_1,160.8,160.8,N/A,N/A,159.9,160.4,200,2.0
12:49:58.179,T7X0,test_Utac_tape_1,160.9,159.6,N/A,N/A,161.0,160.9,200,2.0
12:50:28.431,T7X0,test_Utac_tape_1,160.0,161.3,N/A,N/A,160.0,159.6,200,2.0
12:50:58.695,T7X0,test_Utac_tape_1,161.1,160.7,N/A,N/A,160.9,160.8,200,2.0
12:51:28.929,T7X0,test_Utac_tape_1,161.1,160.7,N/A,N/A,159.9,160.5,200,2.0
12:51:59.168,T7X0,test_Utac_tape_1,160.0,160.4,N/A,N/A,161.2,160.7,200,2.0
12:52:29.493,T7X0,test_Utac_tape_1,161.1,160.2,N/A,N/A,161.2,159.6,200,2.0
12:52:59.750,T7X0,test_Utac_tape_1,159.8,161.0,N/A,N/A,159.8,160.7,200,2.0
12:53:29.788,T7X0,test_Utac_tape_1,159.8,159.8,N/A,N/A,161.1,159.8,200,2.0
12:54:00.008,T7X0,test_Utac_tape_1,161.7,162.7,N/A,N/A,159.7,159.6,200,2.0
12:54:30.548,T7X0,test_Utac_tape_1,159.9,159.9,N/A,N/A,159.7,160.9,200,2.0
12:55:00.819,T7X0,test_Utac_tape_1,159.9,160.1,N/A,N/A,159.7,159.7,200,2.0
12:55:31.074,T7X0,test_Utac_tape_1,159.9,162.3,N/A,N/A,160.9,161.2,200,2.0
12:56:01.353,T7X0,test_Utac_tape_1,159.8,159.6,N/A,N/A,159.5,160.0,200,2.0
12:56:31.645,T7X0,test_Utac_tape_1,159.9,161.7,N/A,N/A,159.9,160.4,200,2.0
12:57:01.909,T7X0,test_Utac_tape_1,160.1,160.3,N/A,N/A,161.2,160.4,200,2.0
12:57:32.147,T7X0,test_Utac_tape_1,160.1,160.5,N/A,N/A,160.2,160.4,200,2.0
12:58:02.462,T7X0,test_Utac_tape_1,160.1,160.8,N/A,N/A,160.2,160.4,200,2.0
12:58:32.686,T7X0,test_Utac_tape_1,159.9,159.5,N/A,N/A,161.3,160.4,200,2.0
12:59:03.027,T7X0,test_Utac_tape_1,159.9,161.9,N/A,N/A,161.2,159.7,200,2.0
12:59:33.303,T7X0,test_Utac_tape_1,161.2,160.0,N/A,N/A,160.2,161.1,200,2.0
13:00:03.582,T7X0,test_Utac_tape_1,159.8,160.0,N/A,N/A,160.2,161.2,200,2.0
13:00:33.834,T7X0,test_Utac_tape_1,159.8,160.9,N/A,N/A,160.2,160.6,200,2.0
13:01:04.106,T7X0,test_Utac_tape_1,159.8,159.7,N/A,N/A,160.2,159.5,200,2.0
13:01:34.391,T7X0,test_Utac_tape_1,160.9,159.6,N/A,N/A,159.9,159.8,200,2.0
13:02:04.653,T7X0,test_Utac_tape_1,160.6,162.6,N/A,N/A,161.1,161.0,200,2.0
13:02:34.930,T7X0,test_Utac_tape_1,159.7,161.1,N/A,N/A,161.1,160.9,200,2.0
13:03:05.202,T7X0,test_Utac_tape_1,160.8,159.2,N/A,N/A,161.2,159.6,200,2.0
13:03:35.473,T7X0,test_Utac_tape_1,159.6,160.9,N/A,N/A,160.8,161.0,200,2.0
13:04:05.737,T7X0,test_Utac_tape_1,159.6,161.0,N/A,N/A,160.8,160.6,200,2.0
13:04:35.996,T7X0,test_Utac_tape_1,159.8,160.6,N/A,N/A,160.7,161.1,200,2.0
13:05:06.274,T7X0,test_Utac_tape_1,161.0,161.0,N/A,N/A,159.6,159.7,200,2.0
13:05:36.540,T7X0,test_Utac_tape_1,159.6,159.3,N/A,N/A,160.6,159.8,200,2.0
13:06:06.815,T7X0,test_Utac_tape_1,160.7,161.2,N/A,N/A,160.6,161.0,200,2.0
13:06:37.091,T7X0,test_Utac_tape_1,161.4,159.5,N/A,N/A,159.4,159.7,200,2.0
13:07:07.343,T7X0,test_Utac_tape_1,160.0,161.0,N/A,N/A,160.5,159.6,200,2.0
13:07:37.608,T7X0,test_Utac_tape_1,160.0,160.2,N/A,N/A,159.3,161.4,200,2.0
13:08:07.885,T7X0,test_Utac_tape_1,160.0,161.1,N/A,N/A,160.8,160.0,200,2.0
13:08:38.131,T7X0,test_Utac_tape_1,160.0,160.7,N/A,N/A,159.5,160.2,200,2.0
13:09:08.399,T7X0,test_Utac_tape_1,161.2,161.3,N/A,N/A,160.9,160.0,200,2.0
13:09:38.647,T7X0,test_Utac_tape_1,160.1,159.6,N/A,N/A,161.0,160.0,200,2.0
13:10:08.937,T7X0,test_Utac_tape_1,160.1,161.1,N/A,N/A,159.6,161.0,200,2.0
13:10:39.220,T7X0,test_Utac_tape_1,160.1,160.7,N/A,N/A,161.0,161.4,200,2.0
13:11:09.482,T7X0,test_Utac_tape_1,160.1,159.4,N/A,N/A,159.6,159.7,200,2.0
13:11:39.757,T7X0,test_Utac_tape_1,160.1,162.0,N/A,N/A,160.6,161.2,200,2.0
13:12:09.902,T7X0,test_Utac_tape_1,161.1,159.8,N/A,N/A,160.3,160.0,200,2.0
13:12:40.312,T7X0,test_Utac_tape_1,159.8,161.4,N/A,N/A,160.9,160.0,200,2.0
13:13:10.560,T7X0,test_Utac_tape_1,159.8,163.3,N/A,N/A,161.4,161.1,200,2.0
13:13:40.561,T7X0,test_Utac_tape_1,159.7,161.6,N/A,N/A,159.9,159.9,200,2.0
13:14:10.781,T7X0,test_Utac_tape_1,159.7,159.4,N/A,N/A,159.9,159.8,200,2.0
13:14:41.356,T7X0,test_Utac_tape_1,161.1,160.9,N/A,N/A,159.4,160.8,200,2.0
13:15:11.628,T7X0,test_Utac_tape_1,159.9,161.9,N/A,N/A,161.8,161.0,200,2.0
13:15:41.912,T7X0,test_Utac_tape_1,161.2,160.4,N/A,N/A,160.1,159.7,200,2.0
13:16:12.167,T7X0,test_Utac_tape_1,160.9,159.2,N/A,N/A,160.1,161.2,200,2.0
13:16:42.437,T7X0,test_Utac_tape_1,159.7,160.7,N/A,N/A,160.1,160.0,200,2.0
13:17:12.640,T7X0,test_Utac_tape_1,161.0,159.2,N/A,N/A,160.8,161.8,200,2.0
13:17:42.981,T7X0,test_Utac_tape_1,161.0,161.2,N/A,N/A,159.5,160.2,200,2.0
13:18:13.261,T7X0,test_Utac_tape_1,159.9,161.1,N/A,N/A,160.7,160.2,200,2.0
13:18:43.534,T7X0,test_Utac_tape_1,159.8,160.2,N/A,N/A,161.1,160.2,200,2.0
13:19:13.795,T7X0,test_Utac_tape_1,159.6,162.3,N/A,N/A,159.9,160.2,200,2.0
13:19:44.046,T7X0,test_Utac_tape_1,160.8,162.8,N/A,N/A,161.0,161.0,200,2.0
13:20:14.313,T7X0,test_Utac_tape_1,161.0,160.1,N/A,N/A,160.9,159.7,200,2.0
13:20:44.596,T7X0,test_Utac_tape_1,159.8,160.2,N/A,N/A,161.1,160.7,200,2.0
13:21:14.874,T7X0,test_Utac_tape_1,159.8,162.0,N/A,N/A,160.7,161.6,200,2.0
13:21:45.160,T7X0,test_Utac_tape_1,160.9,160.1,N/A,N/A,160.7,161.4,200,2.0
13:22:15.421,T7X0,test_Utac_tape_1,160.8,160.4,N/A,N/A,160.8,160.0,200,2.0
13:22:45.702,T7X0,test_Utac_tape_1,160.8,159.7,N/A,N/A,160.9,160.0,200,2.0
13:23:15.984,T7X0,test_Utac_tape_1,159.5,161.1,N/A,N/A,159.5,161.1,200,2.0
13:23:46.230,T7X0,test_Utac_tape_1,160.6,159.5,N/A,N/A,160.8,159.9,200,2.0
13:24:16.499,T7X0,test_Utac_tape_1,160.6,161.1,N/A,N/A,159.6,161.0,200,2.0
13:24:46.756,T7X0,N/A,160.9,160.2,N/A,N/A,160.9,159.7,200,N/A
13:25:16.997,T7X0,N/A,159.7,161.3,N/A,N/A,159.8,160.7,200,N/A
13:25:47.284,T7X0,N/A,159.8,161.0,N/A,N/A,161.2,159.8,200,N/A
13:26:17.316,T7X0,N/A,161.0,159.7,N/A,N/A,161.0,159.8,200,N/A
13:26:47.316,T7X0,N/A,159.7,160.8,N/A,N/A,160.9,161.2,200,N/A
13:27:17.957,T7X0,N/A,159.9,160.8,N/A,N/A,159.7,160.9,200,N/A
13:27:48.197,T7X0,N/A,160.8,160.9,N/A,N/A,161.3,159.7,200,N/A
13:28:18.205,T7X0,N/A,160.7,160.0,N/A,N/A,160.2,161.4,200,N/A
13:28:48.222,T7X0,N/A,159.8,162.1,N/A,N/A,160.2,161.4,200,N/A
13:29:18.856,T7X0,N/A,160.7,159.4,N/A,N/A,160.2,161.3,200,N/A
13:29:48.877,T7X0,N/A,160.8,161.3,N/A,N/A,160.3,159.6,200,N/A
13:30:18.927,T7X0,N/A,159.3,159.9,N/A,N/A,159.5,161.0,200,N/A
13:30:49.837,T7X0,N/A,160.7,160.8,N/A,N/A,160.9,160.1,200,N/A
13:31:20.103,T7X0,N/A,159.8,159.6,N/A,N/A,160.8,160.1,200,N/A
13:31:50.222,T7X0,N/A,160.9,162.2,N/A,N/A,160.9,160.1,200,N/A
13:32:20.622,T7X0,N/A,159.7,161.0,N/A,N/A,161.0,161.2,200,N/A
13:32:50.902,T7X0,N/A,159.8,159.3,N/A,N/A,159.9,161.1,200,N/A
13:33:21.180,T7X0,N/A,160.9,162.0,N/A,N/A,159.9,159.6,200,N/A
13:33:51.433,T7X0,N/A,161.4,160.2,N/A,N/A,161.1,161.3,200,N/A
13:34:21.543,T7X0,N/A,161.3,161.0,N/A,N/A,160.0,160.0,200,N/A
13:34:51.945,T7X0,N/A,160.7,162.1,N/A,N/A,160.0,160.9,200,N/A
13:35:22.114,T7X0,N/A,160.8,160.4,N/A,N/A,160.0,159.7,200,N/A
13:35:52.480,T7X0,N/A,160.6,159.9,N/A,N/A,160.0,161.1,200,N/A
13:36:22.734,T7X0,N/A,160.7,161.7,N/A,N/A,161.1,160.9,200,N/A
13:36:52.774,T7X0,N/A,160.8,159.3,N/A,N/A,161.2,159.8,200,N/A
13:37:23.292,T7X0,N/A,159.7,161.2,N/A,N/A,159.7,161.3,200,N/A
13:37:53.545,T7X0,N/A,159.9,160.1,N/A,N/A,159.6,161.0,200,N/A
13:38:23.715,T7X0,N/A,161.0,161.5,N/A,N/A,161.0,159.6,200,N/A
13:38:54.042,T7X0,N/A,160.7,162.4,N/A,N/A,159.7,161.3,200,N/A
13:39:24.292,T7X0,N/A,159.5,159.8,N/A,N/A,159.4,160.2,200,N/A
13:39:54.552,T7X0,N/A,161.1,161.1,N/A,N/A,160.5,160.0,200,N/A
13:40:24.842,T7X0,N/A,161.0,159.5,N/A,N/A,159.3,161.4,200,N/A
13:40:55.091,T7X0,N/A,159.7,161.6,N/A,N/A,162.6,160.0,200,N/A
13:41:25.358,T7X0,N/A,161.0,159.8,N/A,N/A,162.5,159.9,200,N/A
13:41:55.393,T7X0,N/A,160.1,159.6,N/A,N/A,160.0,159.9,200,N/A
13:42:25.412,T7X0,N/A,160.2,163.0,N/A,N/A,160.2,159.8,200,N/A
13:42:56.139,T7X0,N/A,160.2,160.1,N/A,N/A,159.7,161.3,200,N/A
13:43:26.166,T7X0,N/A,160.2,161.8,N/A,N/A,160.9,160.1,200,N/A
13:43:56.241,T7X0,N/A,160.2,161.9,N/A,N/A,159.8,161.2,200,N/A
13:44:26.647,T7X0,N/A,160.2,159.5,N/A,N/A,159.8,161.0,200,N/A
13:44:56.708,T7X0,N/A,160.2,161.8,N/A,N/A,161.0,159.7,200,7.3
13:45:26.715,T7X0,N/A,160.2,159.4,N/A,N/A,159.5,162.7,200,7.3
13:45:57.675,T7X0,N/A,160.0,161.5,N/A,N/A,160.9,160.5,200,7.3
13:46:27.844,T7X0,N/A,160.0,159.5,N/A,N/A,160.8,160.5,200,7.3
13:46:58.195,T7X0,N/A,160.0,161.1,N/A,N/A,159.6,161.1,200,7.3
13:47:28.446,T7X0,test_Utac_tape_2,160.0,159.7,N/A,N/A,161.0,160.8,200,7.3
13:47:58.650,T7X0,test_Utac_tape_2,160.0,162.3,N/A,N/A,159.8,159.8,200,7.3
13:48:29.028,T7X0,test_Utac_tape_2,161.2,161.9,N/A,N/A,161.4,160.9,200,7.3
13:48:59.309,T7X0,test_Utac_tape_2,161.0,159.8,N/A,N/A,160.3,160.8,200,7.3
13:49:29.594,T7X0,test_Utac_tape_2,159.9,161.6,N/A,N/A,160.3,159.7,200,7.3
13:49:59.867,T7X0,test_Utac_tape_2,161.0,159.8,N/A,N/A,160.3,159.7,200,7.3
13:50:30.162,T7X0,test_Utac_tape_2,161.1,160.7,N/A,N/A,160.3,161.4,200,7.3
13:51:00.416,T7X0,test_Utac_tape_2,160.0,161.7,N/A,N/A,160.3,160.3,200,7.3
13:51:30.424,T7X0,test_Utac_tape_2,160.0,160.0,N/A,N/A,160.1,160.5,200,7.3
13:52:00.588,T7X0,test_Utac_tape_2,160.0,161.3,N/A,N/A,161.3,160.9,200,7.3
13:52:31.220,T7X0,test_Utac_tape_2,161.1,161.1,N/A,N/A,160.1,159.9,200,7.3
13:53:01.514,T7X0,test_Utac_tape_2,159.5,160.4,N/A,N/A,160.1,160.7,200,7.3
13:53:31.793,T7X0,test_Utac_tape_2,159.8,160.3,N/A,N/A,160.1,159.6,200,7.3
13:54:02.060,T7X0,test_Utac_tape_2,159.6,159.0,N/A,N/A,160.1,161.0,200,7.3
13:54:32.316,T7X0,test_Utac_tape_2,159.4,160.8,N/A,N/A,160.1,161.0,200,7.3
13:55:02.578,T7X0,test_Utac_tape_2,159.8,162.3,N/A,N/A,159.7,160.8,200,7.3
13:55:32.843,T7X0,test_Utac_tape_2,161.0,159.4,N/A,N/A,159.7,159.6,200,7.3
13:56:03.007,T7X0,test_Utac_tape_2,160.7,162.0,N/A,N/A,159.7,161.0,200,7.3
13:56:33.227,T7X0,test_Utac_tape_2,160.7,162.3,N/A,N/A,159.9,159.7,200,7.3
13:57:03.635,T7X0,test_Utac_tape_2,159.8,160.2,N/A,N/A,161.0,161.0,200,7.3
13:57:33.899,T7X0,test_Utac_tape_2,159.8,160.7,N/A,N/A,159.8,161.1,200,7.3
13:58:04.175,T7X0,test_Utac_tape_2,160.8,161.9,N/A,N/A,161.1,160.0,200,7.3
13:58:34.450,T7X0,test_Utac_tape_2,159.9,159.3,N/A,N/A,160.0,160.0,200,7.3
13:59:04.721,T7X0,test_Utac_tape_2,160.0,160.0,N/A,N/A,160.0,161.1,200,7.3
13:59:34.992,T7X0,test_Utac_tape_2,159.9,162.3,N/A,N/A,160.0,160.0,200,7.3
14:00:04.993,T7X0,test_Utac_tape_2,159.7,159.7,N/A,N/A,159.8,161.0,200,7.3
14:00:35.141,T7X0,N/A,152.4,147.1,N/A,N/A,153.0,149.9,200,N/A
14:01:05.161,T7X0,N/A,142.8,137.4,N/A,N/A,144.1,140.2,200,N/A
14:01:35.253,T7X0,N/A,136.0,129.8,N/A,N/A,137.5,133.5,200,N/A
14:02:05.287,T7X0,N/A,129.3,124.9,N/A,N/A,132.4,128.4,200,N/A
14:02:35.477,T7X0,N/A,124.1,118.7,N/A,N/A,127.3,123.2,200,N/A
14:03:05.505,T7X0,N/A,119.3,112.9,N/A,N/A,121.2,118.4,200,N/A
14:03:35.534,T7X0,N/A,114.0,108.0,N/A,N/A,117.7,114.5,200,N/A
14:04:06.296,T7X0,N/A,110.2,104.6,N/A,N/A,113.0,110.9,200,N/A
14:04:36.544,T7X0,N/A,106.7,099.8,N/A,N/A,109.5,107.1,200,N/A
14:05:06.595,T7X0,N/A,102.9,097.3,N/A,N/A,105.9,102.6,200,N/A
14:05:37.071,T7X0,N/A,100.5,095.1,N/A,N/A,102.3,100.0,200,N/A
14:06:07.107,T7X0,N/A,097.2,091.5,N/A,N/A,098.9,096.6,200,4.0
14:06:37.176,T7X0,N/A,093.7,088.0,N/A,N/A,096.7,094.1,200,4.0
14:07:07.203,T7X0,N/A,091.4,085.6,N/A,N/A,094.4,091.9,200,4.0
14:07:38.101,T7X0,N/A,089.1,083.3,N/A,0.0,092.1,089.6,200,6.2
14:08:08.335,T7X0,test_Utac_tape_2,086.8,081.0,N/A,0.0,089.6,087.2,200,6.2
14:08:38.623,T7X0,test_Utac_tape_2,084.4,078.7,N/A,0.0,087.3,084.8,200,6.2
14:09:08.882,T7X0,test_Utac_tape_2,082.2,076.3,N/A,0.0,084.8,082.6,200,6.2
14:09:39.138,T7X0,test_Utac_tape_2,079.9,075.2,N/A,0.0,082.4,080.4,200,6.2
14:10:09.182,T7X0,test_Utac_tape_2,131.0,127.0,N/A,0.0,115.9,121.7,200,6.2
14:10:39.321,T7X0,test_Utac_tape_2,158.9,158.6,N/A,0.0,160.2,158.5,200,6.2
14:11:09.939,T7X0,N/A,161.1,162.2,N/A,N/A,160.2,161.5,200,N/A
14:11:40.211,T7X0,N/A,159.4,159.5,N/A,N/A,161.1,161.1,200,N/A
14:12:10.462,T7X0,N/A,160.1,162.4,N/A,N/A,161.6,161.2,200,N/A
14:12:40.562,T7X0,N/A,161.1,162.6,N/A,N/A,159.9,161.0,200,N/A
14:13:10.619,T7X0,N/A,159.9,160.8,N/A,N/A,160.4,159.5,200,N/A
14:13:41.218,T7X0,N/A,159.6,159.0,N/A,N/A,159.8,159.8,200,N/A
14:14:11.474,T7X0,N/A,160.2,162.5,N/A,N/A,161.2,160.9,200,N/A
14:14:41.733,T7X0,N/A,160.0,162.4,N/A,N/A,159.7,160.0,200,N/A
14:15:12.008,T7X0,N/A,159.9,159.6,N/A,N/A,160.7,160.0,200,N/A
14:15:42.027,T7X0,N/A,160.7,161.2,N/A,N/A,161.7,161.3,200,N/A
14:16:12.334,T7X0,N/A,159.7,159.8,N/A,N/A,160.0,160.1,200,N/A
14:16:42.754,T7X0,N/A,159.6,160.0,N/A,N/A,160.8,160.1,200,N/A
14:17:13.051,T7X0,N/A,159.6,161.7,N/A,N/A,160.8,160.1,200,N/A
14:17:43.060,T7X0,N/A,160.8,160.3,N/A,N/A,159.6,160.1,200,N/A
14:18:13.157,T7X0,N/A,159.6,161.1,N/A,N/A,161.9,160.1,200,N/A
14:18:43.160,T7X0,N/A,159.8,159.9,N/A,N/A,161.3,161.3,200,N/A
14:19:14.083,T7X0,N/A,161.0,161.1,N/A,N/A,160.0,159.8,200,N/A
14:19:44.130,T7X0,N/A,161.0,160.0,N/A,N/A,161.2,160.0,200,N/A
14:37:29.370,T7X0,test_Utac_tape_3,N/A,N/A,N/A,N/A,N/A,N/A,200,N/A
14:37:59.421,T7X0,test_Utac_tape_3,N/A,N/A,N/A,N/A,N/A,N/A,200,N/A
14:38:29.421,T7X0,test_Utac_tape_3,N/A,N/A,N/A,N/A,N/A,N/A,200,N/A
14:38:59.678,T7X0,test_Utac_tape_3,N/A,N/A,N/A,N/A,N/A,N/A,200,N/A
14:39:30.005,T7X0,test_Utac_tape_3,N/A,N/A,N/A,N/A,N/A,N/A,200,N/A
14:40:00.641,T7X0,test_Utac_tape_3,N/A,N/A,N/A,N/A,N/A,N/A,200,N/A
14:40:30.645,T7X0,test_Utac_tape_3,112.3,106.5,N/A,N/A,N/A,N/A,200,N/A
14:41:00.859,T7X0,test_Utac_tape_3,176.4,179.2,N/A,N/A,165.3,170.6,200,N/A
14:41:30.861,T7X0,test_Utac_tape_3,160.0,163.0,N/A,N/A,162.9,160.2,200,N/A
14:42:00.919,T7X0,test_Utac_tape_3,160.3,160.2,N/A,N/A,159.9,160.3,200,N/A
14:42:31.371,T7X0,test_Utac_tape_3,160.1,162.1,N/A,N/A,161.4,160.3,200,N/A
14:43:01.669,T7X0,test_Utac_tape_3,160.1,160.9,N/A,N/A,159.8,160.1,200,N/A
14:43:31.937,T7X0,test_Utac_tape_3,160.1,159.5,N/A,N/A,161.0,160.1,200,N/A
14:44:02.230,T7X0,test_Utac_tape_3,160.1,161.4,N/A,N/A,160.0,160.1,200,N/A
14:44:32.499,T7X0,test_Utac_tape_3,160.2,159.8,N/A,N/A,161.2,160.1,200,N/A
14:45:02.596,T7X0,test_Utac_tape_3,160.2,161.1,N/A,N/A,160.0,160.1,200,N/A
14:45:33.018,T7X0,N/A,160.2,159.9,N/A,N/A,159.9,160.1,200,N/A
14:46:03.272,T7X0,N/A,160.2,161.5,N/A,N/A,161.2,160.1,200,N/A
14:46:33.306,T7X0,N/A,159.9,162.5,N/A,N/A,159.8,160.1,200,N/A
14:47:03.330,T7X0,N/A,161.2,160.5,N/A,N/A,159.8,160.3,200,N/A
14:47:33.421,T7X0,N/A,160.1,160.4,N/A,N/A,160.9,160.3,200,N/A
14:48:04.332,T7X0,N/A,160.1,162.3,N/A,N/A,159.4,160.3,200,N/A
14:48:34.618,T7X0,N/A,160.1,161.5,N/A,N/A,160.8,160.3,200,N/A
14:49:04.638,T7X0,N/A,160.1,159.5,N/A,N/A,159.7,160.3,200,N/A
14:49:35.142,T7X0,N/A,160.0,161.1,N/A,N/A,161.2,161.4,200,N/A
14:50:05.407,T7X0,N/A,160.0,159.9,N/A,N/A,159.9,160.2,200,N/A
14:50:35.508,T7X0,N/A,161.1,161.0,N/A,N/A,160.1,160.2,200,N/A
14:51:05.928,T7X0,N/A,159.7,159.8,N/A,N/A,161.9,160.2,200,N/A
14:51:36.208,T7X0,N/A,160.8,161.3,N/A,N/A,161.1,160.2,200,N/A
14:52:06.459,T7X0,test_Utac_tape_4,159.8,161.4,N/A,N/A,160.8,159.9,200,N/A
14:52:36.723,T7X0,test_Utac_tape_4,159.7,159.7,N/A,N/A,160.8,161.3,200,N/A
14:53:06.995,T7X0,test_Utac_tape_4,159.5,162.3,N/A,N/A,160.0,160.1,200,N/A
14:53:37.230,T7X0,test_Utac_tape_4,160.6,160.9,N/A,N/A,161.1,161.2,200,N/A
14:54:07.481,T7X0,N/A,160.6,160.9,N/A,N/A,160.0,159.9,200,N/A
14:54:37.726,T7X0,N/A,160.6,160.4,N/A,N/A,161.3,161.0,200,N/A
14:55:08.009,T7X0,N/A,159.7,159.3,N/A,N/A,160.1,159.9,200,N/A
14:55:38.271,T7X0,N/A,160.7,162.3,N/A,N/A,160.1,159.9,200,N/A
14:56:08.539,T7X0,N/A,161.2,160.5,N/A,N/A,161.4,160.1,200,N/A
14:56:38.810,T7X0,test_Utac_tape_4,159.9,159.4,N/A,N/A,160.1,160.1,200,N/A
14:57:09.085,T7X0,test_Utac_tape_4,159.9,161.6,N/A,N/A,160.2,160.1,200,N/A
14:57:39.357,T7X0,test_Utac_tape_4,161.0,159.1,N/A,N/A,160.0,160.1,200,N/A
14:58:09.638,T7X0,test_Utac_tape_4,161.2,161.4,N/A,N/A,161.2,160.1,200,N/A
14:58:39.913,T7X0,N/A,160.1,162.2,N/A,N/A,159.8,161.3,200,N/A
14:59:10.180,T7X0,N/A,160.1,159.9,N/A,N/A,160.8,160.5,200,N/A
14:59:40.444,T7X0,N/A,161.2,159.9,N/A,N/A,159.7,160.5,200,N/A
15:00:10.722,T7X0,N/A,159.8,161.3,N/A,N/A,160.6,160.7,200,N/A
15:00:41.008,T7X0,N/A,160.1,159.7,N/A,N/A,159.8,162.1,200,N/A
15:01:11.025,T7X0,N/A,161.3,161.2,N/A,N/A,160.7,160.4,200,N/A
15:01:41.506,T7X0,N/A,159.7,159.7,N/A,N/A,159.5,161.2,200,N/A
15:02:11.555,T7X0,N/A,161.1,161.0,N/A,N/A,160.7,160.1,200,N/A
15:02:41.592,T7X0,N/A,159.8,159.8,N/A,N/A,159.5,160.2,200,N/A
15:03:11.923,T7X0,N/A,159.9,161.2,N/A,N/A,160.8,160.2,200,N/A
15:03:42.555,T7X0,test_Utac_tape_4R1,160.0,163.4,N/A,N/A,159.8,160.2,200,N/A
15:04:12.784,T7X0,test_Utac_tape_4R1,161.1,161.4,N/A,N/A,159.5,160.2,200,N/A
15:04:43.098,T7X0,test_Utac_tape_4R1,160.7,159.9,N/A,N/A,160.8,161.3,200,N/A
15:05:13.357,T7X0,test_Utac_tape_4R1,159.4,162.2,N/A,N/A,159.8,159.7,200,N/A
15:05:43.443,T7X0,test_Utac_tape_4R1,159.9,160.8,N/A,N/A,159.6,159.8,200,N/A
15:06:13.743,T7X0,test_Utac_tape_4R1,161.1,160.8,N/A,N/A,161.2,160.9,200,N/A
15:06:44.147,T7X0,test_Utac_tape_4R1,159.8,161.7,N/A,N/A,160.1,159.5,200,N/A
15:07:14.283,T7X0,test_Utac_tape_4R1,159.8,160.4,N/A,N/A,160.9,161.2,200,N/A
15:07:44.387,T7X0,N/A,159.8,161.2,N/A,N/A,159.6,159.9,200,N/A
15:08:14.449,T7X0,N/A,159.8,161.6,N/A,N/A,160.7,159.7,200,N/A
15:08:44.923,T7X0,N/A,160.7,159.4,N/A,N/A,160.5,159.7,200,N/A
15:09:15.162,T7X0,N/A,160.6,160.1,N/A,N/A,159.4,159.3,200,N/A
15:09:45.708,T7X0,N/A,159.5,161.7,N/A,N/A,160.6,161.0,200,N/A
15:10:15.893,T7X0,N/A,160.6,160.3,N/A,N/A,160.6,159.9,200,N/A
15:10:45.972,T7X0,N/A,159.7,159.7,N/A,N/A,159.5,159.7,200,N/A
15:11:16.474,T7X0,N/A,159.6,160.2,N/A,N/A,161.2,160.6,200,N/A
15:11:46.726,T7X0,N/A,160.9,160.5,N/A,N/A,161.4,161.4,200,N/A
15:12:16.977,T7X0,N/A,160.8,161.7,N/A,N/A,161.4,160.9,200,N/A
15:12:47.184,T7X0,N/A,159.5,161.2,N/A,N/A,159.5,159.9,200,N/A
15:13:17.275,T7X0,N/A,160.9,159.8,N/A,N/A,161.4,160.1,200,N/A
15:13:47.501,T7X0,N/A,160.9,162.7,N/A,N/A,161.5,161.0,200,N/A
15:14:18.049,T7X0,N/A,159.7,160.2,N/A,N/A,160.5,160.8,200,N/A
15:14:48.322,T7X0,N/A,160.9,159.2,N/A,N/A,161.0,159.7,200,N/A
15:18:02.347,T7X0,test_Utac_tape_5,N/A,N/A,N/A,N/A,N/A,N/A,200,N/A
15:18:33.197,T7X0,test_Utac_tape_5,N/A,N/A,N/A,N/A,N/A,N/A,200,N/A
15:19:03.802,T7X0,test_Utac_tape_5,N/A,N/A,N/A,N/A,N/A,N/A,200,N/A
15:19:33.863,T7X0,test_Utac_tape_5,N/A,N/A,N/A,N/A,N/A,N/A,200,N/A
15:20:03.863,T7X0,test_Utac_tape_5,N/A,N/A,N/A,N/A,N/A,N/A,200,N/A
15:20:33.863,T7X0,test_Utac_tape_5,N/A,N/A,N/A,N/A,N/A,N/A,200,N/A
15:21:04.384,T7X0,test_Utac_tape_5,N/A,N/A,N/A,N/A,N/A,N/A,200,N/A
15:21:34.798,T7X0,test_Utac_tape_5,170.9,171.2,N/A,N/A,156.9,165.2,200,N/A
15:22:05.038,T7X0,test_Utac_tape_5,161.8,164.8,N/A,N/A,165.6,160.8,200,N/A
15:22:35.258,T7X0,test_Utac_tape_5,160.4,160.1,N/A,N/A,160.5,160.6,200,N/A
15:23:05.867,T7X0,test_Utac_tape_5,160.4,159.5,N/A,N/A,160.5,160.6,200,N/A
15:23:36.137,T7X0,test_Utac_tape_5,161.8,162.0,N/A,N/A,159.4,160.6,200,N/A
15:24:06.396,T7X0,test_Utac_tape_5,159.7,159.9,N/A,N/A,160.7,159.6,200,N/A
15:24:36.668,T7X0,test_Utac_tape_5,159.8,159.9,N/A,N/A,160.9,161.2,200,N/A
15:25:06.928,T7X0,test_Utac_tape_5,160.9,160.4,N/A,N/A,160.8,161.0,200,N/A
15:25:37.200,T7X0,test_Utac_tape_5,159.6,159.6,N/A,N/A,159.7,159.4,200,N/A
15:26:07.337,T7X0,test_Utac_tape_5,160.8,161.5,N/A,N/A,160.7,161.1,200,N/A
15:26:37.752,T7X0,test_Utac_tape_5,160.7,162.5,N/A,N/A,160.7,160.0,200,N/A
15:27:08.012,T7X0,test_Utac_tape_5,159.7,160.9,N/A,N/A,159.4,160.3,200,N/A
15:27:38.280,T7X0,test_Utac_tape_5,161.1,161.3,N/A,N/A,161.0,160.3,200,N/A
15:28:08.535,T7X0,test_Utac_tape_5,159.7,161.3,N/A,N/A,160.8,160.3,200,N/A
15:28:38.801,T7X0,test_Utac_tape_5,159.9,159.2,N/A,N/A,159.6,160.3,200,N/A
15:29:09.050,T7X0,test_Utac_tape_5,159.9,160.2,N/A,N/A,161.0,161.4,200,N/A
15:29:39.096,T7X0,test_Utac_tape_5,159.9,161.1,N/A,N/A,159.5,160.2,200,N/A
15:30:09.515,T7X0,test_Utac_tape_5,161.0,161.2,N/A,N/A,160.7,161.2,200,N/A
15:30:39.846,T7X0,N/A,159.9,160.0,N/A,N/A,160.6,160.0,200,N/A
15:31:10.112,T7X0,N/A,161.1,160.0,N/A,N/A,160.6,161.5,200,N/A
15:31:40.236,T7X0,N/A,159.8,161.4,N/A,N/A,159.4,161.1,200,N/A
15:32:10.415,T7X0,N/A,160.8,159.8,N/A,N/A,160.4,159.6,200,N/A
15:32:40.892,T7X0,N/A,159.3,159.5,N/A,N/A,160.4,160.8,200,N/A
15:33:11.145,T7X0,N/A,160.1,161.9,N/A,N/A,161.2,160.2,200,N/A
15:33:41.237,T7X0,N/A,160.1,159.6,N/A,N/A,161.2,160.2,200,N/A
15:34:11.354,T7X0,N/A,160.1,161.3,N/A,N/A,160.0,160.8,200,N/A
15:34:41.940,T7X0,N/A,160.1,161.0,N/A,N/A,161.1,159.7,200,N/A
15:35:12.223,T7X0,N/A,160.1,159.9,N/A,N/A,160.0,161.0,200,N/A
15:35:42.490,T7X0,N/A,161.2,162.0,N/A,N/A,160.9,159.6,200,N/A
15:36:12.761,T7X0,N/A,159.7,160.6,N/A,N/A,159.5,160.9,200,N/A
15:36:43.028,T7X0,N/A,161.0,160.1,N/A,N/A,160.9,161.2,200,N/A
15:37:13.286,T7X0,N/A,161.1,161.5,N/A,N/A,159.7,159.7,200,N/A
15:37:43.559,T7X0,N/A,159.7,160.3,N/A,N/A,160.9,161.2,200,N/A
15:38:13.690,T7X0,N/A,159.8,161.8,N/A,N/A,159.6,159.8,200,N/A
15:38:44.073,T7X0,N/A,160.9,159.7,N/A,N/A,161.0,161.8,200,N/A
15:39:14.319,T7X0,N/A,159.7,161.4,N/A,N/A,161.0,160.2,200,N/A
15:39:44.573,T7X0,test_Utac_tape_6,160.8,160.1,N/A,N/A,159.7,161.3,200,N/A
15:40:14.835,T7X0,test_Utac_tape_6,160.9,160.1,N/A,N/A,160.8,161.1,200,N/A
15:40:45.083,T7X0,test_Utac_tape_6,161.0,161.9,N/A,N/A,159.7,159.9,200,N/A
15:41:15.347,T7X0,test_Utac_tape_6,160.5,159.2,N/A,N/A,161.4,160.6,200,N/A
15:41:45.537,T7X0,N/A,150.7,152.7,N/A,N/A,153.1,150.8,200,N/A
15:42:15.647,T7X0,N/A,141.0,139.6,N/A,N/A,145.5,140.9,200,N/A
15:42:45.686,T7X0,N/A,134.5,131.8,N/A,N/A,138.7,133.8,200,N/A
15:43:15.766,T7X0,N/A,127.9,124.9,N/A,N/A,132.0,128.7,200,N/A
15:43:46.639,T7X0,N/A,122.8,118.8,N/A,N/A,127.0,122.6,200,N/A
15:44:16.884,T7X0,N/A,119.2,114.0,N/A,N/A,122.0,119.1,200,N/A
15:44:47.140,T7X0,N/A,114.2,109.2,N/A,N/A,118.3,114.3,200,N/A
15:45:17.403,T7X0,N/A,109.4,105.3,N/A,N/A,113.3,110.4,200,N/A
15:45:47.662,T7X0,N/A,107.2,101.7,N/A,N/A,109.7,106.7,200,N/A
15:46:17.870,T7X0,N/A,103.6,099.2,N/A,N/A,106.3,103.2,200,5.5
15:46:48.174,T7X0,N/A,099.2,095.6,N/A,N/A,102.4,099.7,200,5.5
15:47:18.423,T7X0,N/A,096.9,092.2,N/A,N/A,098.9,096.4,200,5.5
15:47:48.700,T7X0,N/A,094.3,089.8,N/A,N/A,095.4,093.9,200,5.5
15:48:18.769,T7X0,N/A,091.0,087.4,N/A,N/A,093.1,091.3,200,5.5
15:48:48.863,T7X0,N/A,088.7,083.9,N/A,N/A,090.8,088.9,200,5.5
15:49:19.036,T7X0,N/A,086.4,081.7,N/A,N/A,088.4,086.6,200,5.5
15:49:49.714,T7X0,N/A,084.2,079.5,N/A,N/A,086.1,084.2,200,5.5
15:50:19.996,T7X0,N/A,083.1,077.3,N/A,N/A,083.9,082.0,200,5.5
15:50:50.248,T7X0,N/A,080.8,076.2,N/A,N/A,082.7,080.9,200,5.5
15:51:20.288,T7X0,N/A,078.6,073.9,N/A,N/A,080.4,078.6,200,5.5
15:51:50.390,T7X0,N/A,076.4,071.7,N/A,N/A,078.0,072.1,200,5.5
15:52:21.015,T7X0,N/A,075.2,070.6,N/A,N/A,075.5,061.9,200,5.5
15:52:51.277,T7X0,test_Utac_tape_6,074.1,068.3,N/A,N/A,073.1,057.1,200,5.5
